{
  "Benign": {
    "precision": 0.2693197593706617,
    "recall": 0.291619691845171,
    "f1-score": 0.28002646298189693,
    "support": 7983.0
  },
  "DNS Flood": {
    "precision": 0.03869969040247678,
    "recall": 0.021607605877268798,
    "f1-score": 0.027731558513588463,
    "support": 1157.0
  },
  "Dictionary Attack": {
    "precision": 0.0,
    "recall": 0.0,
    "f1-score": 0.0,
    "support": 150.0
  },
  "ICMP Flood": {
    "precision": 0.1853774605234696,
    "recall": 0.1556483835815474,
    "f1-score": 0.16921709941751406,
    "support": 5506.0
  },
  "OS Scan": {
    "precision": 0.029296875,
    "recall": 0.01698754246885617,
    "f1-score": 0.021505376344086023,
    "support": 883.0
  },
  "Ping Sweep": {
    "precision": 0.05325443786982249,
    "recall": 0.03083952027412907,
    "f1-score": 0.03905967450271248,
    "support": 1751.0
  },
  "Port Scan": {
    "precision": 0.3616816905571154,
    "recall": 0.4524447730843886,
    "f1-score": 0.40200385989405824,
    "support": 10819.0
  },
  "SYN Flood": {
    "precision": 0.010752688172043012,
    "recall": 0.006211180124223602,
    "f1-score": 0.007874015748031496,
    "support": 322.0
  },
  "Slowloris": {
    "precision": 0.02127659574468085,
    "recall": 0.010482180293501049,
    "f1-score": 0.014044943820224719,
    "support": 477.0
  },
  "UDP Flood": {
    "precision": 0.0,
    "recall": 0.0,
    "f1-score": 0.0,
    "support": 22.0
  },
  "Vulnerability Scan": {
    "precision": 0.023166023166023165,
    "recall": 0.012903225806451613,
    "f1-score": 0.016574585635359115,
    "support": 930.0
  },
  "accuracy": 0.2731,
  "macro avg": {
    "precision": 0.09025683825511754,
    "recall": 0.09079491848686702,
    "f1-score": 0.08891250698704285,
    "support": 30000.0
  },
  "weighted avg": {
    "precision": 0.24275836844241283,
    "recall": 0.2731,
    "f1-score": 0.25535192500171433,
    "support": 30000.0
  }
}
