{
  "Benign": {
    "precision": 0.9980077200846719,
    "recall": 0.9990028667580706,
    "f1-score": 0.9985050454715336,
    "support": 8023.0
  },
  "DNS Flood": {
    "precision": 0.9991197183098591,
    "recall": 0.9930008748906387,
    "f1-score": 0.9960508995173322,
    "support": 1143.0
  },
  "Dictionary Attack": {
    "precision": 0.9935897435897436,
    "recall": 1.0,
    "f1-score": 0.9967845659163987,
    "support": 155.0
  },
  "ICMP Flood": {
    "precision": 0.9996355020958629,
    "recall": 0.9996355020958629,
    "f1-score": 0.9996355020958629,
    "support": 5487.0
  },
  "OS Scan": {
    "precision": 0.9978094194961665,
    "recall": 0.9967177242888403,
    "f1-score": 0.9972632731253421,
    "support": 914.0
  },
  "Ping Sweep": {
    "precision": 1.0,
    "recall": 1.0,
    "f1-score": 1.0,
    "support": 1753.0
  },
  "Port Scan": {
    "precision": 0.9995348837209302,
    "recall": 0.9994419123802437,
    "f1-score": 0.9994883958885633,
    "support": 10751.0
  },
  "SYN Flood": {
    "precision": 1.0,
    "recall": 1.0,
    "f1-score": 1.0,
    "support": 338.0
  },
  "Slowloris": {
    "precision": 1.0,
    "recall": 1.0,
    "f1-score": 1.0,
    "support": 454.0
  },
  "UDP Flood": {
    "precision": 1.0,
    "recall": 0.9473684210526315,
    "f1-score": 0.972972972972973,
    "support": 19.0
  },
  "Vulnerability Scan": {
    "precision": 0.9989626556016598,
    "recall": 1.0,
    "f1-score": 0.9994810586403736,
    "support": 963.0
  },
  "accuracy": 0.9990666666666667,
  "macro avg": {
    "precision": 0.9987872402635357,
    "recall": 0.9941061183151171,
    "f1-score": 0.9963801557843982,
    "support": 30000.0
  },
  "weighted avg": {
    "precision": 0.999067152272384,
    "recall": 0.9990666666666667,
    "f1-score": 0.999065962915838,
    "support": 30000.0
  }
}
